Course Code,Major/Minor Name,URL
B-ENVS,Architecture,https://handbook.unimelb.edu.au/2024/components/b-envs-major-2/print
B-ENVS,Construction,https://handbook.unimelb.edu.au/2024/components/b-envs-major-1/print
B-ENVS,Engineering Systems,https://handbook.unimelb.edu.au/2024/components/b-envs-major-10/print
B-ENVS,Environmental Science,https://handbook.unimelb.edu.au/2024/components/b-envs-major-3/print
B-ENVS,Environmental Geography,https://handbook.unimelb.edu.au/2024/components/b-envs-major-8/print
B-ENVS,Landscape Architecture,https://handbook.unimelb.edu.au/2024/components/b-envs-major-4/print
B-ENVS,Landscape Ecosystem Management,https://handbook.unimelb.edu.au/2024/components/b-envs-major-5/print
B-ENVS,Property,https://handbook.unimelb.edu.au/2024/components/b-envs-major-6/print
B-ENVS,Spatial Systems,https://handbook.unimelb.edu.au/2024/components/b-envs-major-9/print
B-ENVS,Urban Design and Planning,https://handbook.unimelb.edu.au/2024/components/b-envs-major-7/print
B-ENVS,Environments Discipline subjects,https://handbook.unimelb.edu.au/2024/components/b-envs-infspc-1/print
B-ARTS,Ancient World Studies,https://handbook.unimelb.edu.au/2024/components/b-arts-major-1/print
B-ARTS,Anthropology,https://handbook.unimelb.edu.au/2024/components/b-arts-major-31/print
B-ARTS,Arabic Studies,https://handbook.unimelb.edu.au/2024/components/b-arts-major-2/print
B-ARTS,Art History,https://handbook.unimelb.edu.au/2024/components/b-arts-major-3/print
B-ARTS,Asian Studies,https://handbook.unimelb.edu.au/2024/components/b-arts-major-4/print
B-ARTS,Chinese Studies,https://handbook.unimelb.edu.au/2024/components/b-arts-major-6/print
B-ARTS,Classics (Ancient Greek and Latin),https://handbook.unimelb.edu.au/2024/components/b-arts-major-8/print
B-ARTS,Creative Writing,https://handbook.unimelb.edu.au/2024/components/b-arts-major-9/print
B-ARTS,Criminology,https://handbook.unimelb.edu.au/2024/components/b-arts-major-10/print
B-ARTS,Economics,https://handbook.unimelb.edu.au/2024/components/b-arts-major-11/print
B-ARTS,English and Theatre Studies,https://handbook.unimelb.edu.au/2024/components/b-arts-major-12/print
B-ARTS,French Studies,https://handbook.unimelb.edu.au/2024/components/b-arts-major-13/print
B-ARTS,Gender Studies,https://handbook.unimelb.edu.au/2024/components/b-arts-major-30/print
B-ARTS,Geography,https://handbook.unimelb.edu.au/2024/components/b-arts-major-14/print
B-ARTS,German Studies,https://handbook.unimelb.edu.au/2024/components/b-arts-major-15/print
B-ARTS,Hebrew and Jewish Studies,https://handbook.unimelb.edu.au/2024/components/b-arts-major-16/print
B-ARTS,History,https://handbook.unimelb.edu.au/2024/components/b-arts-major-17/print
B-ARTS,History and Philosophy of Science,https://handbook.unimelb.edu.au/2024/components/b-arts-major-18/print
B-ARTS,Indigenous Studies,https://handbook.unimelb.edu.au/2024/components/b-arts-major-5/print
B-ARTS,Indonesian Studies,https://handbook.unimelb.edu.au/2024/components/b-arts-major-19/print
B-ARTS,Islamic Studies,https://handbook.unimelb.edu.au/2024/components/b-arts-major-20/print
B-ARTS,Italian Studies,https://handbook.unimelb.edu.au/2024/components/b-arts-major-21/print
B-ARTS,Japanese Studies,https://handbook.unimelb.edu.au/2024/components/b-arts-major-22/print
B-ARTS,Korean Studies,https://handbook.unimelb.edu.au/2024/components/b-arts-major-33/print
B-ARTS,Linguistics and Applied Linguistics,https://handbook.unimelb.edu.au/2024/components/b-arts-major-23/print
B-ARTS,Media and Communications,https://handbook.unimelb.edu.au/2024/components/b-arts-major-32/print
B-ARTS,Philosophy,https://handbook.unimelb.edu.au/2024/components/b-arts-major-24/print
B-ARTS,Politics and International Studies,https://handbook.unimelb.edu.au/2024/components/b-arts-major-25/print
B-ARTS,Psychology,https://handbook.unimelb.edu.au/2024/components/b-arts-major-26/print
B-ARTS,Russian Studies,https://handbook.unimelb.edu.au/2024/components/b-arts-major-27/print
B-ARTS,Screen and Cultural Studies,https://handbook.unimelb.edu.au/2024/components/b-arts-major-7/print
B-ARTS,Sociology,https://handbook.unimelb.edu.au/2024/components/b-arts-major-28/print
B-ARTS,Spanish and Latin American Studies,https://handbook.unimelb.edu.au/2024/components/b-arts-major-29/print
B-ARTS,Ancient World Studies minor,https://handbook.unimelb.edu.au/2024/components/b-arts-minor-35/print
B-ARTS,Anthropology minor,https://handbook.unimelb.edu.au/2024/components/b-arts-minor-39/print
B-ARTS,Arabic Studies minor,https://handbook.unimelb.edu.au/2024/components/b-arts-minor-12/print
B-ARTS,Art History minor,https://handbook.unimelb.edu.au/2024/components/b-arts-minor-13/print
B-ARTS,Asian Studies minor,https://handbook.unimelb.edu.au/2024/components/b-arts-minor-14/print
B-ARTS,Chinese Societies minor,https://handbook.unimelb.edu.au/2024/components/b-arts-minor-1/print
B-ARTS,Chinese Studies minor,https://handbook.unimelb.edu.au/2024/components/b-arts-minor-15/print
B-ARTS,Classics (Ancient Greek and Latin) minor,https://handbook.unimelb.edu.au/2024/components/b-arts-minor-16/print
B-ARTS,Creative Writing minor,https://handbook.unimelb.edu.au/2024/components/b-arts-minor-17/print
B-ARTS,Criminology minor,https://handbook.unimelb.edu.au/2024/components/b-arts-minor-18/print
B-ARTS,Development Studies minor,https://handbook.unimelb.edu.au/2024/components/b-arts-minor-2/print
B-ARTS,Digital Studies minor,https://handbook.unimelb.edu.au/2024/components/b-arts-minor-47/print
B-ARTS,Economics minor,https://handbook.unimelb.edu.au/2024/components/b-arts-minor-19/print
B-ARTS,English and Theatre Studies minor,https://handbook.unimelb.edu.au/2024/components/b-arts-minor-20/print
B-ARTS,English Language Studies minor,https://handbook.unimelb.edu.au/2024/components/b-arts-minor-3/print
B-ARTS,Environmental Studies minor,https://handbook.unimelb.edu.au/2024/components/b-arts-minor-4/print
B-ARTS,European Studies minor,https://handbook.unimelb.edu.au/2024/components/b-arts-minor-5/print
B-ARTS,French Studies minor,https://handbook.unimelb.edu.au/2024/components/b-arts-minor-24/print
B-ARTS,Gender Studies minor,https://handbook.unimelb.edu.au/2024/components/b-arts-minor-25/print
B-ARTS,Geography minor,https://handbook.unimelb.edu.au/2024/components/b-arts-minor-26/print
B-ARTS,German Studies minor,https://handbook.unimelb.edu.au/2024/components/b-arts-minor-27/print
B-ARTS,Hebrew and Jewish Studies minor,https://handbook.unimelb.edu.au/2024/components/b-arts-minor-28/print
B-ARTS,History minor,https://handbook.unimelb.edu.au/2024/components/b-arts-minor-29/print
B-ARTS,History and Philosophy of Science minor,https://handbook.unimelb.edu.au/2024/components/b-arts-minor-30/print
B-ARTS,Indigenous Studies minor,https://handbook.unimelb.edu.au/2024/components/b-arts-minor-31/print
B-ARTS,Indonesian Studies minor,https://handbook.unimelb.edu.au/2024/components/b-arts-minor-32/print
B-ARTS,Islamic Studies minor,https://handbook.unimelb.edu.au/2024/components/b-arts-minor-33/print
B-ARTS,Italian Studies minor,https://handbook.unimelb.edu.au/2024/components/b-arts-minor-34/print
B-ARTS,Japanese Societies minor,https://handbook.unimelb.edu.au/2024/components/b-arts-minor-10/print
B-ARTS,Japanese Studies minor,https://handbook.unimelb.edu.au/2024/components/b-arts-minor-36/print
B-ARTS,Knowledge and Learning minor,https://handbook.unimelb.edu.au/2024/components/b-arts-minor-8/print
B-ARTS,Korean Studies minor,https://handbook.unimelb.edu.au/2024/components/b-arts-minor-9/print
B-ARTS,Law and Justice minor,https://handbook.unimelb.edu.au/2024/components/b-arts-minor-7/print
B-ARTS,Linguistics and Applied Linguistics minor,https://handbook.unimelb.edu.au/2024/components/b-arts-minor-37/print
B-ARTS,Media and Communications minor,https://handbook.unimelb.edu.au/2024/components/b-arts-minor-38/print
B-ARTS,Medieval and Early Modern Studies minor,https://handbook.unimelb.edu.au/2024/components/b-arts-minor-11/print
B-ARTS,Philosophy minor,https://handbook.unimelb.edu.au/2024/components/b-arts-minor-40/print
B-ARTS,Politics and International Studies minor,https://handbook.unimelb.edu.au/2024/components/b-arts-minor-41/print
B-ARTS,Psychology minor,https://handbook.unimelb.edu.au/2024/components/b-arts-minor-42/print
B-ARTS,Russian Studies minor,https://handbook.unimelb.edu.au/2024/components/b-arts-minor-43/print
B-ARTS,Screen and Cultural Studies minor,https://handbook.unimelb.edu.au/2024/components/b-arts-minor-44/print
B-ARTS,Sociology minor,https://handbook.unimelb.edu.au/2024/components/b-arts-minor-45/print
B-ARTS,South Asian Studies minor,https://handbook.unimelb.edu.au/2024/components/b-arts-minor-48/print
B-ARTS,Spanish and Latin American Studies minor,https://handbook.unimelb.edu.au/2024/components/b-arts-minor-46/print
B-SCI,Agricultural Science,https://handbook.unimelb.edu.au/2024/components/b-sci-major-10/print
B-SCI,Animal Health and Disease,https://handbook.unimelb.edu.au/2024/components/b-sci-major-11/print
B-SCI,Animal Science and Management,https://handbook.unimelb.edu.au/2024/components/b-sci-major-19/print
B-SCI,Biochemistry and Molecular Biology,https://handbook.unimelb.edu.au/2024/components/b-sci-major-39/print
B-SCI,Biomedical Engineering Systems,https://handbook.unimelb.edu.au/2024/components/b-sci-major-13/print
B-SCI,Biotechnology,https://handbook.unimelb.edu.au/2024/components/b-sci-major-14/print
B-SCI,Cell and Developmental Biology,https://handbook.unimelb.edu.au/2024/components/b-sci-major-15/print
B-SCI,Chemical Engineering Systems,https://handbook.unimelb.edu.au/2024/components/b-sci-major-16/print
B-SCI,Chemistry,https://handbook.unimelb.edu.au/2024/components/b-sci-major-17/print
B-SCI,Civil Engineering Systems,https://handbook.unimelb.edu.au/2024/components/b-sci-major-18/print
B-SCI,Climate and Weather,https://handbook.unimelb.edu.au/2024/components/b-sci-major-12/print
B-SCI,Computational Biology,https://handbook.unimelb.edu.au/2024/components/b-sci-major-7/print
B-SCI,Computing and Software Systems,https://handbook.unimelb.edu.au/2024/components/b-sci-major-1/print
B-SCI,Data Science,https://handbook.unimelb.edu.au/2024/components/b-sci-major-8/print
B-SCI,Digital Infrastructure Engineering Systems,https://handbook.unimelb.edu.au/2024/components/b-sci-major-46/print
B-SCI,Ecology and Evolutionary Biology,https://handbook.unimelb.edu.au/2024/components/b-sci-major-41/print
B-SCI,Ecosystem Science,https://handbook.unimelb.edu.au/2024/components/b-sci-major-42/print
B-SCI,Electrical Engineering Systems,https://handbook.unimelb.edu.au/2024/components/b-sci-major-20/print
B-SCI,Environmental Engineering Systems,https://handbook.unimelb.edu.au/2024/components/b-sci-major-9/print
B-SCI,Environmental Science,https://handbook.unimelb.edu.au/2024/components/b-sci-major-21/print
B-SCI,Food Science,https://handbook.unimelb.edu.au/2024/components/b-sci-major-22/print
B-SCI,Genetics,https://handbook.unimelb.edu.au/2024/components/b-sci-major-23/print
B-SCI,Geography,https://handbook.unimelb.edu.au/2024/components/b-sci-major-24/print
B-SCI,Geology,https://handbook.unimelb.edu.au/2024/components/b-sci-major-25/print
B-SCI,Geoscience,https://handbook.unimelb.edu.au/2024/components/b-sci-major-47/print
B-SCI,Human Nutrition,https://handbook.unimelb.edu.au/2024/components/b-sci-major-43/print
B-SCI,Human Structure and Function,https://handbook.unimelb.edu.au/2024/components/b-sci-major-26/print
B-SCI,Immunology,https://handbook.unimelb.edu.au/2024/components/b-sci-major-4/print
B-SCI,Infection and Immunity,https://handbook.unimelb.edu.au/2024/components/b-sci-major-5/print
B-SCI,Informatics,https://handbook.unimelb.edu.au/2024/components/b-sci-major-2/print
B-SCI,Marine Biology,https://handbook.unimelb.edu.au/2024/components/b-sci-major-27/print
B-SCI,Mathematical Physics,https://handbook.unimelb.edu.au/2024/components/b-sci-major-28/print
B-SCI,Mathematics and Statistics,https://handbook.unimelb.edu.au/2024/components/b-sci-major-29/print
B-SCI,Mechanical Engineering Systems,https://handbook.unimelb.edu.au/2024/components/b-sci-major-30/print
B-SCI,Mechatronics Engineering Systems,https://handbook.unimelb.edu.au/2024/components/b-sci-major-6/print
B-SCI,Microbiology,https://handbook.unimelb.edu.au/2024/components/b-sci-major-44/print
B-SCI,Neuroscience,https://handbook.unimelb.edu.au/2024/components/b-sci-major-31/print
B-SCI,Pathology,https://handbook.unimelb.edu.au/2024/components/b-sci-major-32/print
B-SCI,Pharmacology,https://handbook.unimelb.edu.au/2024/components/b-sci-major-33/print
B-SCI,Physics,https://handbook.unimelb.edu.au/2024/components/b-sci-major-34/print
B-SCI,Physiology,https://handbook.unimelb.edu.au/2024/components/b-sci-major-40/print
B-SCI,Plant Science,https://handbook.unimelb.edu.au/2024/components/b-sci-major-35/print
B-SCI,Psychology,https://handbook.unimelb.edu.au/2024/components/b-sci-major-36/print
B-SCI,Spatial Systems,https://handbook.unimelb.edu.au/2024/components/b-sci-major-38/print
B-SCI,Veterinary Bioscience,https://handbook.unimelb.edu.au/2024/components/b-sci-major-45/print
B-SCI,Zoology,https://handbook.unimelb.edu.au/2024/components/b-sci-major-37/print
B-AGR,Agricultural Economics,https://handbook.unimelb.edu.au/2024/components/b-agr-major-2/print
B-AGR,Plant and Soil Science,https://handbook.unimelb.edu.au/2024/components/b-agr-major-1/print
B-AGR,Production Animal Science,https://handbook.unimelb.edu.au/2024/components/b-agr-major-3/print
B-COM,Accounting,https://handbook.unimelb.edu.au/2024/components/b-com-major-1/print
B-COM,Actuarial Studies,https://handbook.unimelb.edu.au/2024/components/b-com-major-2/print
B-COM,Economics,https://handbook.unimelb.edu.au/2024/components/b-com-major-4/print
B-COM,Finance,https://handbook.unimelb.edu.au/2024/components/b-com-major-5/print
B-COM,Management,https://handbook.unimelb.edu.au/2024/components/b-com-major-6/print
B-COM,Marketing,https://handbook.unimelb.edu.au/2024/components/b-com-major-7/print
B-MUS,Composition,https://handbook.unimelb.edu.au/2024/components/b-mus-major-1/print
B-MUS,Interactive Composition,https://handbook.unimelb.edu.au/2024/components/b-mus-major-2/print
B-MUS,Jazz & Improvisation,https://handbook.unimelb.edu.au/2024/components/b-mus-major-3/print
B-MUS,Music Studies,https://handbook.unimelb.edu.au/2024/components/b-mus-major-5/print
B-MUS,Musicology & Ethnomusicology,https://handbook.unimelb.edu.au/2024/components/b-mus-major-4/print
B-MUS,Performance,https://handbook.unimelb.edu.au/2024/components/b-mus-major-6/print
B-MUS,Performance (ANAM),https://handbook.unimelb.edu.au/2024/components/b-mus-major-7/print
B-DES,Architecture,https://handbook.unimelb.edu.au/2024/components/b-des-major-1/print
B-DES,Civil Engineering Systems,https://handbook.unimelb.edu.au/2024/components/b-des-major-2/print
B-DES,Computing and Software Systems,https://handbook.unimelb.edu.au/2024/components/b-des-major-3/print
B-DES,Construction,https://handbook.unimelb.edu.au/2024/components/b-des-major-4/print
B-DES,User Experience Design,https://handbook.unimelb.edu.au/2024/components/b-des-major-5/print
B-DES,Graphic Design,https://handbook.unimelb.edu.au/2024/components/b-des-major-6/print
B-DES,Landscape Architecture,https://handbook.unimelb.edu.au/2024/components/b-des-major-7/print
B-DES,Mechanical Engineering Systems,https://handbook.unimelb.edu.au/2024/components/b-des-major-8/print
B-DES,Performance Design,https://handbook.unimelb.edu.au/2024/components/b-des-major-9/print
B-DES,Property,https://handbook.unimelb.edu.au/2024/components/b-des-major-10/print
B-DES,Spatial Systems,https://handbook.unimelb.edu.au/2024/components/b-des-major-11/print
B-DES,Urban Planning,https://handbook.unimelb.edu.au/2024/components/b-des-major-12/print
B-DES,Digital Infrastructure Engineering Systems,https://handbook.unimelb.edu.au/2024/components/b-des-major-13/print
B-DES,Building Information Modelling,https://handbook.unimelb.edu.au/2024/components/b-des-infspc-3/print
B-DES,Design Histories,https://handbook.unimelb.edu.au/2024/components/b-des-infspc-7/print
B-DES,Design Visualisation,https://handbook.unimelb.edu.au/2024/components/b-des-infspc-4/print
B-DES,Environmental Design,https://handbook.unimelb.edu.au/2024/components/b-des-infspc-5/print
B-DES,Event Design,https://handbook.unimelb.edu.au/2024/components/b-des-infspc-6/print
B-DES,Towards Practice,https://handbook.unimelb.edu.au/2024/components/b-des-infspc-9/print
B-DES,Transport Design,https://handbook.unimelb.edu.au/2024/components/b-des-infspc-8/print
B-DES,Typography,https://handbook.unimelb.edu.au/2024/components/b-des-infspc-10/print
B-DES,Working with First Peoples Design Knowledge,https://handbook.unimelb.edu.au/2024/components/b-des-infspc-11/print
B-BMED,Biochemistry and Molecular Biology,https://handbook.unimelb.edu.au/2024/components/b-bmed-major-12/print
B-BMED,Biomedical Engineering Systems,https://handbook.unimelb.edu.au/2024/components/b-bmed-major-4/print
B-BMED,Biotechnology,https://handbook.unimelb.edu.au/2024/components/b-bmed-major-5/print
B-BMED,Cell and Developmental Biology,https://handbook.unimelb.edu.au/2024/components/b-bmed-major-6/print
B-BMED,Genetics,https://handbook.unimelb.edu.au/2024/components/b-bmed-major-7/print
B-BMED,Human Nutrition,https://handbook.unimelb.edu.au/2024/components/b-bmed-major-14/print
B-BMED,Human Structure and Function,https://handbook.unimelb.edu.au/2024/components/b-bmed-major-8/print
B-BMED,Immunology,https://handbook.unimelb.edu.au/2024/components/b-bmed-major-2/print
B-BMED,Infection and Immunity,https://handbook.unimelb.edu.au/2024/components/b-bmed-major-16/print
B-BMED,Microbiology,https://handbook.unimelb.edu.au/2024/components/b-bmed-major-3/print
B-BMED,Neuroscience,https://handbook.unimelb.edu.au/2024/components/b-bmed-major-9/print
B-BMED,Pathology,https://handbook.unimelb.edu.au/2024/components/b-bmed-major-10/print
B-BMED,Pharmacology,https://handbook.unimelb.edu.au/2024/components/b-bmed-major-11/print
B-BMED,Physiology,https://handbook.unimelb.edu.au/2024/components/b-bmed-major-13/print
B-BMED,Psychology,https://handbook.unimelb.edu.au/2024/components/b-bmed-major-15/print
B-BMED,Public Health and Epidemiology,https://handbook.unimelb.edu.au/2024/components/b-bmed-major-17/print
GC-GERON,Standard Pathway,https://handbook.unimelb.edu.au/2024/components/gc-geron-stdpwy/print
GC-GERON,Gerontology Nursing,https://handbook.unimelb.edu.au/2024/components/gc-geron-spec-01/print
GC-GERON,Standard Pathway,https://handbook.unimelb.edu.au/2024/components/gc-geron-stdpwy/print
GC-GERON,Gerontology Nursing,https://handbook.unimelb.edu.au/2024/components/gc-geron-spec-01/print
MC-MTRNENG,Manufacturing,https://handbook.unimelb.edu.au/2024/components/mc-mtrneng-spec-01/print
MC-TESOL,EAL Teaching,https://handbook.unimelb.edu.au/2024/components/mc-tesol-spec-1/print
GD-ENV,Tailored specialisation,https://handbook.unimelb.edu.au/2024/components/gd-env-infspc-1/print
MC-IB,200pt Program,https://handbook.unimelb.edu.au/2024/components/mc-ib-entry-2/print
MC-IB,150pt Program,https://handbook.unimelb.edu.au/2024/components/mc-ib-entry-1/print
D-LANG,Ancient Greek,https://handbook.unimelb.edu.au/2024/components/d-lang-spec-1/print
D-LANG,Arabic Studies,https://handbook.unimelb.edu.au/2024/components/d-lang-spec-2/print
D-LANG,Chinese Studies,https://handbook.unimelb.edu.au/2024/components/d-lang-spec-3/print
D-LANG,French Studies,https://handbook.unimelb.edu.au/2024/components/d-lang-spec-4/print
D-LANG,German Studies,https://handbook.unimelb.edu.au/2024/components/d-lang-spec-5/print
D-LANG,Hebrew,https://handbook.unimelb.edu.au/2024/components/d-lang-spec-6/print
D-LANG,Indonesian Studies,https://handbook.unimelb.edu.au/2024/components/d-lang-spec-7/print
D-LANG,Italian Studies,https://handbook.unimelb.edu.au/2024/components/d-lang-spec-8/print
D-LANG,Japanese Studies,https://handbook.unimelb.edu.au/2024/components/d-lang-spec-9/print
D-LANG,Latin,https://handbook.unimelb.edu.au/2024/components/d-lang-spec-10/print
D-LANG,Russian Studies,https://handbook.unimelb.edu.au/2024/components/d-lang-spec-11/print
D-LANG,Spanish and Latin American Studies,https://handbook.unimelb.edu.au/2024/components/d-lang-spec-12/print
D-LANG,Korean Studies,https://handbook.unimelb.edu.au/2024/components/d-lang-spec-13/print
344AB,200pt Program,https://handbook.unimelb.edu.au/2024/components/344ab-entry-3/print
344AB,150pt Program,https://handbook.unimelb.edu.au/2024/components/344ab-entry-2/print
344AB,100pt Program,https://handbook.unimelb.edu.au/2024/components/344ab-entry-1/print
GDA-SCI,BioSciences,https://handbook.unimelb.edu.au/2024/components/gda-sci-infspc-9/print
GDA-SCI,Earth Sciences,https://handbook.unimelb.edu.au/2024/components/gda-sci-infspc-4/print
GDA-SCI,Mathematics and Statistics,https://handbook.unimelb.edu.au/2024/components/gda-sci-infspc-6/print
GDA-SCI,Physics,https://handbook.unimelb.edu.au/2024/components/gda-sci-infspc-7/print
MC-FILMTV,Filmmaking,https://handbook.unimelb.edu.au/2024/components/mc-filmtv-spec-1/print
MC-FILMTV,Screen Producing,https://handbook.unimelb.edu.au/2024/components/mc-filmtv-spec-2/print
BH-FA,Dance,https://handbook.unimelb.edu.au/2024/components/bh-fa-spec-1/print
BH-FA,Design and Production,https://handbook.unimelb.edu.au/2024/components/bh-fa-spec-2/print
BH-FA,Film and Television,https://handbook.unimelb.edu.au/2024/components/bh-fa-spec-3/print
BH-FA,Music Theatre,https://handbook.unimelb.edu.au/2024/components/bh-fa-spec-4/print
BH-FA,Theatre,https://handbook.unimelb.edu.au/2024/components/bh-fa-spec-5/print
BH-FA,Visual Art,https://handbook.unimelb.edu.au/2024/components/bh-fa-spec-6/print
MC-ARCH,200pt Program,https://handbook.unimelb.edu.au/2024/components/mc-arch-entry-1/print
MC-ARCH,300pt Program,https://handbook.unimelb.edu.au/2024/components/mc-arch-entry-2/print
BH-ENVS,Landscape Management,https://handbook.unimelb.edu.au/2024/components/bh-envs-infspc-1/print
BH-ENVS,Environmental Geography,https://handbook.unimelb.edu.au/2024/components/bh-envs-infspc-2/print
MC-TCHECP,Standard Mode,https://handbook.unimelb.edu.au/2024/components/mc-tchecp-stream-1/print
MC-TCHECP,Extended Mode,https://handbook.unimelb.edu.au/2024/components/mc-tchecp-stream-2/print
BH-SCIADV,Animal Health and Disease,https://handbook.unimelb.edu.au/2024/components/bh-sciadv-major-2/print
BH-SCIADV,Animal Science and Management,https://handbook.unimelb.edu.au/2024/components/bh-sciadv-major-3/print
BH-SCIADV,Chemical Engineering Systems,https://handbook.unimelb.edu.au/2024/components/bh-sciadv-major-8/print
BH-SCIADV,Chemistry,https://handbook.unimelb.edu.au/2024/components/bh-sciadv-major-9/print
BH-SCIADV,Civil Engineering Systems,https://handbook.unimelb.edu.au/2024/components/bh-sciadv-major-10/print
BH-SCIADV,Climate and Weather,https://handbook.unimelb.edu.au/2024/components/bh-sciadv-major-11/print
BH-SCIADV,Data Science,https://handbook.unimelb.edu.au/2024/components/bh-sciadv-major-13/print
BH-SCIADV,Digital Infrastructure Engineering Systems,https://handbook.unimelb.edu.au/2024/components/bh-sciadv-major-14/print
BH-SCIADV,Ecology and Evolutionary Biology,https://handbook.unimelb.edu.au/2024/components/bh-sciadv-major-15/print
BH-SCIADV,Ecosystem Science,https://handbook.unimelb.edu.au/2024/components/bh-sciadv-major-16/print
BH-SCIADV,Environmental Engineering Systems,https://handbook.unimelb.edu.au/2024/components/bh-sciadv-major-18/print
BH-SCIADV,Environmental Science,https://handbook.unimelb.edu.au/2024/components/bh-sciadv-major-19/print
BH-SCIADV,Food Science,https://handbook.unimelb.edu.au/2024/components/bh-sciadv-major-20/print
BH-SCIADV,Geography,https://handbook.unimelb.edu.au/2024/components/bh-sciadv-major-22/print
BH-SCIADV,Geology,https://handbook.unimelb.edu.au/2024/components/bh-sciadv-major-23/print
BH-SCIADV,Immunology,https://handbook.unimelb.edu.au/2024/components/bh-sciadv-major-26/print
BH-SCIADV,Mathematics and Statistics,https://handbook.unimelb.edu.au/2024/components/bh-sciadv-major-30/print
BH-SCIADV,Infection and Immunity,https://handbook.unimelb.edu.au/2024/components/bh-sciadv-major-27/print
BH-SCIADV,Mechanical Engineering Systems,https://handbook.unimelb.edu.au/2024/components/bh-sciadv-major-31/print
BH-SCIADV,Mechatronics Engineering Systems,https://handbook.unimelb.edu.au/2024/components/bh-sciadv-major-32/print
BH-SCIADV,Microbiology,https://handbook.unimelb.edu.au/2024/components/bh-sciadv-major-33/print
BH-SCIADV,Neuroscience,https://handbook.unimelb.edu.au/2024/components/bh-sciadv-major-34/print
BH-SCIADV,Pathology,https://handbook.unimelb.edu.au/2024/components/bh-sciadv-major-35/print
BH-SCIADV,Pharmacology,https://handbook.unimelb.edu.au/2024/components/bh-sciadv-major-36/print
BH-SCIADV,Physics,https://handbook.unimelb.edu.au/2024/components/bh-sciadv-major-37/print
BH-SCIADV,Physiology,https://handbook.unimelb.edu.au/2024/components/bh-sciadv-major-38/print
BH-SCIADV,Plant Science,https://handbook.unimelb.edu.au/2024/components/bh-sciadv-major-39/print
BH-SCIADV,Psychology,https://handbook.unimelb.edu.au/2024/components/bh-sciadv-major-40/print
BH-SCIADV,Veterinary Bioscience,https://handbook.unimelb.edu.au/2024/components/bh-sciadv-major-41/print
BH-SCIADV,Zoology,https://handbook.unimelb.edu.au/2024/components/bh-sciadv-major-42/print
BH-SCIADV,Biochemistry and Molecular Biology,https://handbook.unimelb.edu.au/2024/components/bh-sciadv-major-4/print
BH-SCIADV,Agricultural Science,https://handbook.unimelb.edu.au/2024/components/bh-sciadv-major-1/print
BH-SCIADV,Cell and Developmental Biology,https://handbook.unimelb.edu.au/2024/components/bh-sciadv-major-7/print
BH-SCIADV,Computing and Software Systems,https://handbook.unimelb.edu.au/2024/components/bh-sciadv-major-12/print
BH-SCIADV,Biotechnology,https://handbook.unimelb.edu.au/2024/components/bh-sciadv-major-6/print
BH-SCIADV,Electrical Engineering Systems,https://handbook.unimelb.edu.au/2024/components/bh-sciadv-major-17/print
BH-SCIADV,Biomedical Engineering Systems,https://handbook.unimelb.edu.au/2024/components/bh-sciadv-major-5/print
BH-SCIADV,Genetics,https://handbook.unimelb.edu.au/2024/components/bh-sciadv-major-21/print
BH-SCIADV,Human Nutrition,https://handbook.unimelb.edu.au/2024/components/bh-sciadv-major-24/print
BH-SCIADV,Human Structure and Function,https://handbook.unimelb.edu.au/2024/components/bh-sciadv-major-25/print
BH-SCIADV,Marine Biology,https://handbook.unimelb.edu.au/2024/components/bh-sciadv-major-28/print
BH-SCIADV,Mathematical Physics,https://handbook.unimelb.edu.au/2024/components/bh-sciadv-major-29/print
MC-ENVENG,Earth Observation,https://handbook.unimelb.edu.au/2024/components/mc-enveng-spec-01/print
MC-ENVENG,Energy Systems,https://handbook.unimelb.edu.au/2024/components/mc-enveng-spec-02/print
MC-ENVENG,Water Systems,https://handbook.unimelb.edu.au/2024/components/mc-enveng-spec-03/print
175AA,200pt Program,https://handbook.unimelb.edu.au/2024/components/175aa-entry-3/print
175AA,150pt Program,https://handbook.unimelb.edu.au/2024/components/175aa-entry-2/print
175AA,100pt Program,https://handbook.unimelb.edu.au/2024/components/175aa-entry-1/print
MC-AGSC,200pt Program,https://handbook.unimelb.edu.au/2024/components/mc-agsc-entry-4/print
MC-AGSC,150pt Program,https://handbook.unimelb.edu.au/2024/components/mc-agsc-entry-3/print
MC-AGSC,100pt (A) Program,https://handbook.unimelb.edu.au/2024/components/mc-agsc-entry-2/print
MC-AGSC,100pt (B) Program,https://handbook.unimelb.edu.au/2024/components/mc-agsc-entry-1/print
GC-CCN,Integrated Critical Care,https://handbook.unimelb.edu.au/2024/components/gc-ccn-spec-01/print
GC-CCN,Intensive Care,https://handbook.unimelb.edu.au/2024/components/gc-ccn-spec-02/print
GC-ARTS,Anthropology,https://handbook.unimelb.edu.au/2024/components/gc-arts-spec-1/print
GC-ARTS,Art History,https://handbook.unimelb.edu.au/2024/components/gc-arts-spec-2/print
GC-ARTS,Asian Studies,https://handbook.unimelb.edu.au/2024/components/gc-arts-spec-3/print
GC-ARTS,Classical Studies and Archaeology,https://handbook.unimelb.edu.au/2024/components/gc-arts-spec-5/print
GC-ARTS,Creative Writing,https://handbook.unimelb.edu.au/2024/components/gc-arts-spec-6/print
GC-ARTS,Criminology,https://handbook.unimelb.edu.au/2024/components/gc-arts-spec-7/print
GC-ARTS,Development Studies,https://handbook.unimelb.edu.au/2024/components/gc-arts-spec-8/print
GC-ARTS,Digital Studies,https://handbook.unimelb.edu.au/2024/components/gc-arts-spec-22/print
GC-ARTS,English and Theatre Studies,https://handbook.unimelb.edu.au/2024/components/gc-arts-spec-9/print
GC-ARTS,French,https://handbook.unimelb.edu.au/2024/components/gc-arts-spec-23/print
GC-ARTS,Gender Studies,https://handbook.unimelb.edu.au/2024/components/gc-arts-spec-10/print
GC-ARTS,Hebrew and Jewish Studies,https://handbook.unimelb.edu.au/2024/components/gc-arts-spec-11/print
GC-ARTS,History,https://handbook.unimelb.edu.au/2024/components/gc-arts-spec-12/print
GC-ARTS,History and Philosophy of Science,https://handbook.unimelb.edu.au/2024/components/gc-arts-spec-13/print
GC-ARTS,Indigenous Studies,https://handbook.unimelb.edu.au/2024/components/gc-arts-spec-4/print
GC-ARTS,Islamic Studies,https://handbook.unimelb.edu.au/2024/components/gc-arts-spec-14/print
GC-ARTS,Linguistics and Applied Linguistics,https://handbook.unimelb.edu.au/2024/components/gc-arts-spec-15/print
GC-ARTS,Media and Communications,https://handbook.unimelb.edu.au/2024/components/gc-arts-spec-16/print
GC-ARTS,Philosophy,https://handbook.unimelb.edu.au/2024/components/gc-arts-spec-17/print
GC-ARTS,Politics and International Studies,https://handbook.unimelb.edu.au/2024/components/gc-arts-spec-18/print
GC-ARTS,Screen and Cultural Studies,https://handbook.unimelb.edu.au/2024/components/gc-arts-spec-19/print
GC-ARTS,Sociology,https://handbook.unimelb.edu.au/2024/components/gc-arts-spec-21/print
MC-INTJOUR,100pt Program,https://handbook.unimelb.edu.au/2024/components/mc-intjour-entry-3/print
MC-INTJOUR,150pt Program,https://handbook.unimelb.edu.au/2024/components/mc-intjour-entry-2/print
MC-INTJOUR,200pt Program,https://handbook.unimelb.edu.au/2024/components/mc-intjour-entry-1/print
706AA,200pt Program,https://handbook.unimelb.edu.au/2024/components/706aa-entry-3/print
706AA,150pt Program,https://handbook.unimelb.edu.au/2024/components/706aa-entry-2/print
706AA,100pt Program,https://handbook.unimelb.edu.au/2024/components/706aa-entry-1/print
MC-CMPROP,300pt Program,https://handbook.unimelb.edu.au/2024/components/mc-cmprop-entry-2/print
MC-CMPROP,400pt Program,https://handbook.unimelb.edu.au/2024/components/mc-cmprop-entry-1/print
BH-MUS,Tailored Program,https://handbook.unimelb.edu.au/2024/components/bh-mus-stdopt-1/print
BH-MUS,Performance,https://handbook.unimelb.edu.au/2024/components/bh-mus-infspc-1/print
BH-MUS,Composition,https://handbook.unimelb.edu.au/2024/components/bh-mus-infspc-3/print
BH-MUS,Musicology/Ethnomusicology,https://handbook.unimelb.edu.au/2024/components/bh-mus-infspc-2/print
BH-MUS,Interactive Composition,https://handbook.unimelb.edu.au/2024/components/bh-mus-infspc-4/print
BH-MUS,Jazz & Improvisation,https://handbook.unimelb.edu.au/2024/components/bh-mus-inspc-5/print
MC-TEACHEC,Standard Mode,https://handbook.unimelb.edu.au/2024/components/mc-teachec-stream-1/print
MC-TEACHEC,Extended Mode,https://handbook.unimelb.edu.au/2024/components/mc-teachec-stream-2/print
MC-TEACHEC,Pre-2022 Students,https://handbook.unimelb.edu.au/2024/components/mc-teachec-stream-3/print
MC-TEACHPR,Standard Mode,https://handbook.unimelb.edu.au/2024/components/mc-teachpr-stream-1/print
MC-TEACHPR,Extended Mode,https://handbook.unimelb.edu.au/2024/components/mc-teachpr-stream-2/print
MC-TEACHPR,Pre-2022 Students,https://handbook.unimelb.edu.au/2024/components/mc-teachpr-stream-3/print
MC-TEACHSA,Standard Mode,https://handbook.unimelb.edu.au/2024/components/mc-teachsa-stream-1/print
MC-TEACHSA,Accelerated Mode,https://handbook.unimelb.edu.au/2024/components/mc-teachsa-stream-2/print
MC-TEACHSA,Extended Mode,https://handbook.unimelb.edu.au/2024/components/mc-teachsa-stream-3/print
MC-TEACHSA,Pre-2022 Students,https://handbook.unimelb.edu.au/2024/components/mc-teachsa-stream-4/print
MC-TRANINT,200pt Program,https://handbook.unimelb.edu.au/2024/components/mc-tranint-entry-1/print
MC-TRANINT,150pt Program,https://handbook.unimelb.edu.au/2024/components/mc-tranint-entry-2/print
MC-MGMT,150pt Program,https://handbook.unimelb.edu.au/2024/components/mc-mgmt-entry-1/print
MC-MGMT,200pt Program,https://handbook.unimelb.edu.au/2024/components/mc-mgmt-entry-2/print
MC-SCIMAT,Applied Mathematics and Mathematical Biology,https://handbook.unimelb.edu.au/2024/components/mc-scimat-infspc-1/print
MC-SCIMAT,Mathematical Physics and Physical Combinatorics,https://handbook.unimelb.edu.au/2024/components/mc-scimat-infspc-2/print
MC-SCIMAT,Operations Research and Industrial Optimisation,https://handbook.unimelb.edu.au/2024/components/mc-scimat-infspc-3/print
MC-SCIMAT,Pure Mathematics,https://handbook.unimelb.edu.au/2024/components/mc-scimat-infspc-4/print
MC-SCIMAT,Statistics and Stochastic Processes,https://handbook.unimelb.edu.au/2024/components/mc-scimat-infspc-5/print
MC-ELECENG,Autonomous Systems,https://handbook.unimelb.edu.au/2024/components/mc-eleceng-spec-2/print
MC-ELECENG,Business,https://handbook.unimelb.edu.au/2024/components/mc-eleceng-spec-5/print
MC-ELECENG,Intelligent Networks and Communications,https://handbook.unimelb.edu.au/2024/components/mc-eleceng-spec-3/print
MC-ELECENG,Electronics and Embedded Systems,https://handbook.unimelb.edu.au/2024/components/mc-eleceng-spec-4/print
MC-ELECENG,Low Carbon Power Systems,https://handbook.unimelb.edu.au/2024/components/mc-eleceng-spec-1/print
GCA-ARTS,Ancient World Studies,https://handbook.unimelb.edu.au/2024/components/gca-arts-spec-1/print
GCA-ARTS,Art History,https://handbook.unimelb.edu.au/2024/components/gca-arts-spec-2/print
GCA-ARTS,Principles of Cultural Materials Conservation,https://handbook.unimelb.edu.au/2024/components/gca-arts-spec-3/print
GCA-ARTS,Cultural Studies,https://handbook.unimelb.edu.au/2024/components/gca-arts-spec-4/print
GCA-ARTS,Development Studies,https://handbook.unimelb.edu.au/2024/components/gca-arts-spec-5/print
GCA-ARTS,English and Theatre Studies,https://handbook.unimelb.edu.au/2024/components/gca-arts-spec-6/print
GCA-ARTS,French,https://handbook.unimelb.edu.au/2024/components/gca-arts-spec-7/print
GCA-ARTS,Gender Studies,https://handbook.unimelb.edu.au/2024/components/gca-arts-spec-8/print
GCA-ARTS,German,https://handbook.unimelb.edu.au/2024/components/gca-arts-spec-9/print
GCA-ARTS,History,https://handbook.unimelb.edu.au/2024/components/gca-arts-spec-10/print
GCA-ARTS,History and Philosophy of Science,https://handbook.unimelb.edu.au/2024/components/gca-arts-spec-11/print
GCA-ARTS,Italian,https://handbook.unimelb.edu.au/2024/components/gca-arts-spec-12/print
GCA-ARTS,Linguistics and Applied Linguistics,https://handbook.unimelb.edu.au/2024/components/gca-arts-spec-13/print
GCA-ARTS,Media and Communications,https://handbook.unimelb.edu.au/2024/components/gca-arts-spec-14/print
GCA-ARTS,Philosophy,https://handbook.unimelb.edu.au/2024/components/gca-arts-spec-15/print
GCA-ARTS,Politics and International Studies,https://handbook.unimelb.edu.au/2024/components/gca-arts-spec-16/print
GCA-ARTS,Public Policy and Management,https://handbook.unimelb.edu.au/2024/components/gca-arts-spec-18/print
GCA-ARTS,Screen Studies,https://handbook.unimelb.edu.au/2024/components/gca-arts-spec-19/print
GCA-ARTS,Sociology,https://handbook.unimelb.edu.au/2024/components/gca-arts-spec-21/print
MC-MGMTMKT,150pt Program,https://handbook.unimelb.edu.au/2024/components/mc-mgmtmkt-entry-1/print
MC-MGMTMKT,200pt Program,https://handbook.unimelb.edu.au/2024/components/mc-mgmtmkt-entry-2/print
706AA,200pt Program,https://handbook.unimelb.edu.au/2024/components/706aa-entry-3/print
706AA,150pt Program,https://handbook.unimelb.edu.au/2024/components/706aa-entry-2/print
706AA,100pt Program,https://handbook.unimelb.edu.au/2024/components/706aa-entry-1/print
MC-ARCLARC,300pt Program,https://handbook.unimelb.edu.au/2024/components/mc-arclarc-entry-2/print
MC-ARCLARC,400pt Program,https://handbook.unimelb.edu.au/2024/components/mc-arclarc-entry-1/print
GDA-ARTS,Ancient World Studies,https://handbook.unimelb.edu.au/2024/components/gda-arts-spec-1/print
GDA-ARTS,Anthropology,https://handbook.unimelb.edu.au/2024/components/gda-arts-spec-2/print
GDA-ARTS,Arabic Studies,https://handbook.unimelb.edu.au/2024/components/gda-arts-spec-3/print
GDA-ARTS,Art History,https://handbook.unimelb.edu.au/2024/components/gda-arts-spec-4/print
GDA-ARTS,Asian Studies,https://handbook.unimelb.edu.au/2024/components/gda-arts-spec-5/print
GDA-ARTS,Chinese Studies,https://handbook.unimelb.edu.au/2024/components/gda-arts-spec-7/print
GDA-ARTS,Classics (Ancient Greek and Latin),https://handbook.unimelb.edu.au/2024/components/gda-arts-spec-8/print
GDA-ARTS,Creative Writing,https://handbook.unimelb.edu.au/2024/components/gda-arts-spec-9/print
GDA-ARTS,Criminology,https://handbook.unimelb.edu.au/2024/components/gda-arts-spec-10/print
GDA-ARTS,Cultural Studies,https://handbook.unimelb.edu.au/2024/components/gda-arts-spec-11/print
GDA-ARTS,English and Theatre Studies,https://handbook.unimelb.edu.au/2024/components/gda-arts-spec-13/print
GDA-ARTS,French Studies,https://handbook.unimelb.edu.au/2024/components/gda-arts-spec-14/print
GDA-ARTS,Gender Studies,https://handbook.unimelb.edu.au/2024/components/gda-arts-spec-15/print
GDA-ARTS,German Studies,https://handbook.unimelb.edu.au/2024/components/gda-arts-spec-16/print
GDA-ARTS,History,https://handbook.unimelb.edu.au/2024/components/gda-arts-spec-17/print
GDA-ARTS,History and Philosophy of Science,https://handbook.unimelb.edu.au/2024/components/gda-arts-spec-18/print
GDA-ARTS,Indigenous Studies,https://handbook.unimelb.edu.au/2024/components/gda-arts-spec-6/print
GDA-ARTS,Indonesian Studies,https://handbook.unimelb.edu.au/2024/components/gda-arts-spec-19/print
GDA-ARTS,Islamic Studies,https://handbook.unimelb.edu.au/2024/components/gda-arts-spec-20/print
GDA-ARTS,Italian Studies,https://handbook.unimelb.edu.au/2024/components/gda-arts-spec-21/print
GDA-ARTS,Japanese Studies,https://handbook.unimelb.edu.au/2024/components/gda-arts-spec-22/print
GDA-ARTS,Linguistics and Applied Linguistics,https://handbook.unimelb.edu.au/2024/components/gda-arts-spec-23/print
GDA-ARTS,Media and Communications,https://handbook.unimelb.edu.au/2024/components/gda-arts-spec-24/print
GDA-ARTS,Philosophy,https://handbook.unimelb.edu.au/2024/components/gda-arts-spec-25/print
GDA-ARTS,Politics and International Studies,https://handbook.unimelb.edu.au/2024/components/gda-arts-spec-26/print
GDA-ARTS,Public Policy and Management,https://handbook.unimelb.edu.au/2024/components/gda-arts-spec-28/print
GDA-ARTS,Screen Studies,https://handbook.unimelb.edu.au/2024/components/gda-arts-spec-29/print
GDA-ARTS,Sociology,https://handbook.unimelb.edu.au/2024/components/gda-arts-spec-32/print
GDA-ARTS,Spanish and Latin American Studies,https://handbook.unimelb.edu.au/2024/components/gda-arts-spec-33/print
BH-ARTS,Ancient World Studies,https://handbook.unimelb.edu.au/2024/components/bh-arts-spec-1/print
BH-ARTS,Anthropology,https://handbook.unimelb.edu.au/2024/components/bh-arts-spec-30/print
BH-ARTS,Arabic Studies,https://handbook.unimelb.edu.au/2024/components/bh-arts-spec-2/print
BH-ARTS,Art History,https://handbook.unimelb.edu.au/2024/components/bh-arts-spec-3/print
BH-ARTS,Asian Studies,https://handbook.unimelb.edu.au/2024/components/bh-arts-spec-4/print
BH-ARTS,Chinese Studies,https://handbook.unimelb.edu.au/2024/components/bh-arts-spec-6/print
BH-ARTS,Classics (Ancient Greek and Latin),https://handbook.unimelb.edu.au/2024/components/bh-arts-spec-8/print
BH-ARTS,Creative Writing,https://handbook.unimelb.edu.au/2024/components/bh-arts-spec-9/print
BH-ARTS,Criminology,https://handbook.unimelb.edu.au/2024/components/bh-arts-spec-10/print
BH-ARTS,Economics,https://handbook.unimelb.edu.au/2024/components/bh-arts-spec-29/print
BH-ARTS,English and Theatre,https://handbook.unimelb.edu.au/2024/components/bh-arts-spec-11/print
BH-ARTS,French Studies,https://handbook.unimelb.edu.au/2024/components/bh-arts-spec-12/print
BH-ARTS,Gender Studies,https://handbook.unimelb.edu.au/2024/components/bh-arts-spec-31/print
BH-ARTS,Geography,https://handbook.unimelb.edu.au/2024/components/bh-arts-spec-13/print
BH-ARTS,German Studies,https://handbook.unimelb.edu.au/2024/components/bh-arts-spec-14/print
BH-ARTS,History,https://handbook.unimelb.edu.au/2024/components/bh-arts-spec-15/print
BH-ARTS,History and Philosophy of Science,https://handbook.unimelb.edu.au/2024/components/bh-arts-spec-16/print
BH-ARTS,Indigenous Studies,https://handbook.unimelb.edu.au/2024/components/bh-arts-spec-5/print
BH-ARTS,Indonesian Studies,https://handbook.unimelb.edu.au/2024/components/bh-arts-spec-17/print
BH-ARTS,Islamic Studies,https://handbook.unimelb.edu.au/2024/components/bh-arts-infspc-18/print
BH-ARTS,Italian Studies,https://handbook.unimelb.edu.au/2024/components/bh-arts-spec-19/print
BH-ARTS,Japanese Studies,https://handbook.unimelb.edu.au/2024/components/bh-arts-spec-20/print
BH-ARTS,Media and Communications,https://handbook.unimelb.edu.au/2024/components/bh-arts-spec-21/print
BH-ARTS,Linguistics and Applied Linguistics,https://handbook.unimelb.edu.au/2024/components/bh-arts-spec-27/print
BH-ARTS,Philosophy,https://handbook.unimelb.edu.au/2024/components/bh-arts-spec-22/print
BH-ARTS,Politics and International Studies,https://handbook.unimelb.edu.au/2024/components/bh-arts-infspc-23/print
BH-ARTS,Psychology,https://handbook.unimelb.edu.au/2024/components/bh-arts-spec-24/print
BH-ARTS,Russian Studies,https://handbook.unimelb.edu.au/2024/components/bh-arts-infspc-25/print
BH-ARTS,Screen and Cultural Studies,https://handbook.unimelb.edu.au/2024/components/bh-arts-spec-7/print
BH-ARTS,Sociology,https://handbook.unimelb.edu.au/2024/components/bh-arts-infspc-26/print
BH-ARTS,Spanish and Latin American Studies,https://handbook.unimelb.edu.au/2024/components/bh-arts-spec-28/print
MC-ELECENG,Autonomous Systems,https://handbook.unimelb.edu.au/2024/components/mc-eleceng-spec-2/print
MC-ELECENG,Business,https://handbook.unimelb.edu.au/2024/components/mc-eleceng-spec-5/print
MC-ELECENG,Intelligent Networks and Communications,https://handbook.unimelb.edu.au/2024/components/mc-eleceng-spec-3/print
MC-ELECENG,Electronics and Embedded Systems,https://handbook.unimelb.edu.au/2024/components/mc-eleceng-spec-4/print
MC-ELECENG,Low Carbon Power Systems,https://handbook.unimelb.edu.au/2024/components/mc-eleceng-spec-1/print
MC-SCIBIF,150pt Program,https://handbook.unimelb.edu.au/2024/components/mc-scibif-entry-2/print
MC-SCIBIF,200pt Program,https://handbook.unimelb.edu.au/2024/components/mc-scibif-entry-1/print
MC-APLING,200pt Program,https://handbook.unimelb.edu.au/2024/components/mc-apling-entry-3/print
MC-APLING,150pt Program,https://handbook.unimelb.edu.au/2024/components/mc-apling-entry-2/print
MC-APLING,100pt Program,https://handbook.unimelb.edu.au/2024/components/mc-apling-entry-1/print
MC-CAT,Drama Therapy,https://handbook.unimelb.edu.au/2024/components/mc-cat-spec-1/print
MC-CAT,Dance Movement Therapy,https://handbook.unimelb.edu.au/2024/components/mc-cat-spec-2/print
MC-IT,200pt Program,https://handbook.unimelb.edu.au/2024/components/mc-it-entry-3/print
MC-IT,150pt Program,https://handbook.unimelb.edu.au/2024/components/mc-it-entry-2/print
MC-IT,100pt Program,https://handbook.unimelb.edu.au/2024/components/mc-it-entry-1/print
MC-LI,Disability,https://handbook.unimelb.edu.au/2024/components/mc-li-spec-1/print
MC-LI,Deaf Education,https://handbook.unimelb.edu.au/2024/components/mc-li-spec-2/print
MC-LI,Learning Difficulties,https://handbook.unimelb.edu.au/2024/components/mc-li-spec-3/print
MC-JOURN,200pt Program,https://handbook.unimelb.edu.au/2024/components/mc-journ-entry-3/print
MC-JOURN,150pt Program,https://handbook.unimelb.edu.au/2024/components/mc-journ-entry-2/print
MC-JOURN,100pt Program,https://handbook.unimelb.edu.au/2024/components/mc-journ-entry-1/print
MC-GMCOM,200pt Program,https://handbook.unimelb.edu.au/2024/components/mc-gmcom-entry-3/print
MC-GMCOM,150pt Program,https://handbook.unimelb.edu.au/2024/components/mc-gmcom-entry-2/print
MC-GMCOM,100pt Program,https://handbook.unimelb.edu.au/2024/components/mc-gmcom-entry-1/print
MC-MKTCOMM,150pt Program,https://handbook.unimelb.edu.au/2024/components/mc-mktcomm-entry-2/print
MC-MKTCOMM,200pt Program,https://handbook.unimelb.edu.au/2024/components/mc-mktcomm-entry-1/print
MC-MUSPT,Instrumental,https://handbook.unimelb.edu.au/2024/components/mc-muspt-spec-1/print
MC-MUSPT,Studio,https://handbook.unimelb.edu.au/2024/components/mc-muspt-spec-2/print
MR-ARTSTHS,Ancient World Studies,https://handbook.unimelb.edu.au/2024/components/mr-artsths-spec-1/print
MR-ARTSTHS,Anthropology,https://handbook.unimelb.edu.au/2024/components/mr-artsths-spec-2/print
MR-ARTSTHS,Applied Philosophy,https://handbook.unimelb.edu.au/2024/components/mr-artsths-spec-4/print
MR-ARTSTHS,Arabic,https://handbook.unimelb.edu.au/2024/components/mr-artsths-spec-5/print
MR-ARTSTHS,Archaeology,https://handbook.unimelb.edu.au/2024/components/mr-artsths-spec-6/print
MR-ARTSTHS,Art History,https://handbook.unimelb.edu.au/2024/components/mr-artsths-spec-7/print
MR-ARTSTHS,Australian Studies,https://handbook.unimelb.edu.au/2024/components/mr-artsths-spec-9/print
MR-ARTSTHS,Chinese,https://handbook.unimelb.edu.au/2024/components/mr-artsths-spec-10/print
MR-ARTSTHS,Classics,https://handbook.unimelb.edu.au/2024/components/mr-artsths-spec-11/print
MR-ARTSTHS,Criminology,https://handbook.unimelb.edu.au/2024/components/mr-artsths-spec-13/print
MR-ARTSTHS,Cultural Studies,https://handbook.unimelb.edu.au/2024/components/mr-artsths-spec-15/print
MR-ARTSTHS,Cultural Materials Conservation,https://handbook.unimelb.edu.au/2024/components/mr-artsths-spec-14/print
MR-ARTSTHS,Creative Writing,https://handbook.unimelb.edu.au/2024/components/mr-artsths-spec-12/print
MR-ARTSTHS,Development Studies,https://handbook.unimelb.edu.au/2024/components/mr-artsths-spec-16/print
MR-ARTSTHS,English Language,https://handbook.unimelb.edu.au/2024/components/mr-artsths-spec-17/print
MR-ARTSTHS,French Language and Literature,https://handbook.unimelb.edu.au/2024/components/mr-artsths-spec-18/print
MR-ARTSTHS,Gender Studies,https://handbook.unimelb.edu.au/2024/components/mr-artsths-spec-19/print
MR-ARTSTHS,German,https://handbook.unimelb.edu.au/2024/components/mr-artsths-spec-20/print
MR-ARTSTHS,History,https://handbook.unimelb.edu.au/2024/components/mr-artsths-spec-21/print
MR-ARTSTHS,History and Philosophy of Science,https://handbook.unimelb.edu.au/2024/components/mr-artsths-spec-22/print
MR-ARTSTHS,Indonesian,https://handbook.unimelb.edu.au/2024/components/mr-artsths-spec-23/print
MR-ARTSTHS,Islamic Studies,https://handbook.unimelb.edu.au/2024/components/mr-artsths-spec-24/print
MR-ARTSTHS,Italian,https://handbook.unimelb.edu.au/2024/components/mr-artsths-spec-25/print
MR-ARTSTHS,Japanese,https://handbook.unimelb.edu.au/2024/components/mr-artsths-spec-26/print
MR-ARTSTHS,Jewish Studies,https://handbook.unimelb.edu.au/2024/components/mr-artsths-spec-27/print
MR-ARTSTHS,Journalism,https://handbook.unimelb.edu.au/2024/components/mr-artsths-spec-28/print
MR-ARTSTHS,Linguistics,https://handbook.unimelb.edu.au/2024/components/mr-artsths-spec-29/print
MR-ARTSTHS,Media and Communications,https://handbook.unimelb.edu.au/2024/components/mr-artsths-spec-30/print
MR-ARTSTHS,Philosophy,https://handbook.unimelb.edu.au/2024/components/mr-artsths-spec-31/print
MR-ARTSTHS,Political Science,https://handbook.unimelb.edu.au/2024/components/mr-artsths-spec-32/print
MR-ARTSTHS,Russian Studies,https://handbook.unimelb.edu.au/2024/components/mr-artsths-spec-33/print
MR-ARTSTHS,Screen Studies,https://handbook.unimelb.edu.au/2024/components/mr-artsths-spec-34/print
MR-ARTSTHS,Socio-Legal Studies,https://handbook.unimelb.edu.au/2024/components/mr-artsths-spec-36/print
MR-ARTSTHS,Social Theory,https://handbook.unimelb.edu.au/2024/components/mr-artsths-spec-35/print
MR-ARTSTHS,Spanish,https://handbook.unimelb.edu.au/2024/components/mr-artsths-spec-37/print
MR-ARTSTHS,Theatre Studies,https://handbook.unimelb.edu.au/2024/components/mr-artsths-spec-38/print
BH-SCI,BioSciences,https://handbook.unimelb.edu.au/2024/components/bh-sci-infspc-17/print
BH-SCI,Chemistry,https://handbook.unimelb.edu.au/2024/components/bh-sci-infspc-20/print
BH-SCI,Earth Sciences,https://handbook.unimelb.edu.au/2024/components/bh-sci-infspc-22/print
BH-SCI,Ecosystem Science,https://handbook.unimelb.edu.au/2024/components/bh-sci-infspc-28/print
BH-SCI,Geography,https://handbook.unimelb.edu.au/2024/components/bh-sci-infspc-25/print
BH-SCI,Agricultural Science,https://handbook.unimelb.edu.au/2024/components/bh-sci-infspc-24/print
BH-SCI,Animal Science and Management,https://handbook.unimelb.edu.au/2024/components/bh-sci-infspc-21/print
BH-SCI,Food Science,https://handbook.unimelb.edu.au/2024/components/bh-sci-infspc-23/print
BH-SCI,Human Nutrition,https://handbook.unimelb.edu.au/2024/components/bh-sci-infspc-29/print
BH-SCI,"Anatomy and Physiology, and Neuroscience",https://handbook.unimelb.edu.au/2024/components/bh-sci-infspc-14/print
BH-SCI,Biochemistry and Pharmacology,https://handbook.unimelb.edu.au/2024/components/bh-sci-infspc-3/print
BH-SCI,Clinical Pathology,https://handbook.unimelb.edu.au/2024/components/bh-sci-infspc-19/print
BH-SCI,Medical Biology,https://handbook.unimelb.edu.au/2024/components/bh-sci-infspc-5/print
BH-SCI,Medicine (Austin Health),https://handbook.unimelb.edu.au/2024/components/bh-sci-infspc-6/print
BH-SCI,Medicine (Royal Melbourne Hospital),https://handbook.unimelb.edu.au/2024/components/bh-sci-infspc-7/print
BH-SCI,Medicine (St Vincent's Hospital),https://handbook.unimelb.edu.au/2024/components/bh-sci-infspc-8/print
BH-SCI,Medicine (Western Health),https://handbook.unimelb.edu.au/2024/components/bh-sci-infspc-30/print
BH-SCI,Microbiology and Immunology,https://handbook.unimelb.edu.au/2024/components/bh-sci-infspc-9/print
BH-SCI,Oral Health Science,https://handbook.unimelb.edu.au/2024/components/bh-sci-infspc-10/print
BH-SCI,Otolaryngology,https://handbook.unimelb.edu.au/2024/components/bh-sci-infspc-4/print
BH-SCI,Paediatrics,https://handbook.unimelb.edu.au/2024/components/bh-sci-infspc-11/print
BH-SCI,Pathology,https://handbook.unimelb.edu.au/2024/components/bh-sci-infspc-12/print
BH-SCI,Physiotherapy Science,https://handbook.unimelb.edu.au/2024/components/bh-sci-infspc-31/print
BH-SCI,Population and Global Health,https://handbook.unimelb.edu.au/2024/components/bh-sci-infspc-18/print
BH-SCI,General Practice and Primary Care,https://handbook.unimelb.edu.au/2024/components/bh-sci-infspc-15/print
BH-SCI,Optometry and Vision Sciences,https://handbook.unimelb.edu.au/2024/components/bh-sci-infspc-26/print
BH-SCI,Psychology,https://handbook.unimelb.edu.au/2024/components/bh-sci-infspc-1/print
MC-ARCHCM,300pt Program,https://handbook.unimelb.edu.au/2024/components/mc-archcm-entry-2/print
MC-ARCHCM,400pt Program,https://handbook.unimelb.edu.au/2024/components/mc-archcm-entry-1/print
MC-BIOMENG,Business,https://handbook.unimelb.edu.au/2024/components/mc-biomeng-spec-01/print
097AB,200pt Program - Development Studies,https://handbook.unimelb.edu.au/2024/components/097ab-entry-1/print
097AB,200pt Program - Gender and Development,https://handbook.unimelb.edu.au/2024/components/097ab-entry-4/print
097AB,150pt Program - Development Studies,https://handbook.unimelb.edu.au/2024/components/097ab-entry-2/print
097AB,150pt Program - Gender and Development,https://handbook.unimelb.edu.au/2024/components/097ab-entry-5/print
097AB,100pt Program - Development Studies,https://handbook.unimelb.edu.au/2024/components/097ab-entry-3/print
097AB,100pt Program - Gender and Development,https://handbook.unimelb.edu.au/2024/components/097ab-entry-6/print
MC-CULMC,200pt Program,https://handbook.unimelb.edu.au/2024/components/mc-culmc-entry-3/print
MC-CULMC,150pt Program,https://handbook.unimelb.edu.au/2024/components/mc-culmc-entry-2/print
MC-CULMC,100pt Program,https://handbook.unimelb.edu.au/2024/components/mc-culmc-entry-1/print
MC-MGMTACT,150pt Program,https://handbook.unimelb.edu.au/2024/components/mc-mgmtact-entry-1/print
MC-MGMTACT,200pt Program,https://handbook.unimelb.edu.au/2024/components/mc-mgmtact-entry-2/print
MC-MUSOP,Singer,https://handbook.unimelb.edu.au/2024/components/mc-musop-infspc-1/print
MC-MUSOP,Repetiteur,https://handbook.unimelb.edu.au/2024/components/mc-musop-infspc-2/print
GD-SC,Applied Mathematics,https://handbook.unimelb.edu.au/2024/components/gd-sc-infspc-10/print
GD-SC,Chemistry,https://handbook.unimelb.edu.au/2024/components/gd-sc-infspc-2/print
GD-SC,Discrete Mathematics / Operations Research,https://handbook.unimelb.edu.au/2024/components/gd-sc-infspc-12/print
GD-SC,Genetics,https://handbook.unimelb.edu.au/2024/components/gd-sc-infspc-15/print
GD-SC,Geology,https://handbook.unimelb.edu.au/2024/components/gd-sc-infspc-8/print
GD-SC,Human Geography,https://handbook.unimelb.edu.au/2024/components/gd-sc-infspc-6/print
GD-SC,Integrated Geography,https://handbook.unimelb.edu.au/2024/components/gd-sc-infspc-5/print
GD-SC,Medicinal Chemistry,https://handbook.unimelb.edu.au/2024/components/gd-sc-infspc-3/print
GD-SC,Plant Science,https://handbook.unimelb.edu.au/2024/components/gd-sc-infspc-1/print
GD-SC,Physical Geography,https://handbook.unimelb.edu.au/2024/components/gd-sc-infspc-7/print
GD-SC,Physics,https://handbook.unimelb.edu.au/2024/components/gd-sc-infspc-13/print
GD-SC,Pure Mathematics,https://handbook.unimelb.edu.au/2024/components/gd-sc-infspc-9/print
GD-SC,Statistics / Stochastic Processes,https://handbook.unimelb.edu.au/2024/components/gd-sc-infspc-11/print
GD-SC,Zoology,https://handbook.unimelb.edu.au/2024/components/gd-sc-infspc-14/print
D01LF,200pt Program,https://handbook.unimelb.edu.au/2024/components/d01lf-entry-1/print
D01LF,150pt Program,https://handbook.unimelb.edu.au/2024/components/d01lf-entry-2/print
MC-INTEDIB,Diploma Programme,https://handbook.unimelb.edu.au/2024/components/mc-intedib-spec-1/print
MC-INTEDIB,Middle Years Programme,https://handbook.unimelb.edu.au/2024/components/mc-intedib-spec-2/print
MC-INTEDIB,Primary Years Programme,https://handbook.unimelb.edu.au/2024/components/mc-intedib-spec-3/print
MC-PROP,300pt Program,https://handbook.unimelb.edu.au/2024/components/mc-prop-entry-3/print
MC-PROP,200pt Program,https://handbook.unimelb.edu.au/2024/components/mc-prop-entry-1/print
038AB,200pt Program,https://handbook.unimelb.edu.au/2024/components/038ab-entry-3/print
038AB,150pt Program,https://handbook.unimelb.edu.au/2024/components/038ab-entry-2/print
038AB,100pt Program,https://handbook.unimelb.edu.au/2024/components/038ab-entry-1/print
MC-LARCH,300pt Program,https://handbook.unimelb.edu.au/2024/components/mc-larch-entry-2/print
MC-LARCH,200pt Program,https://handbook.unimelb.edu.au/2024/components/mc-larch-entry-1/print
MC-EMA,200pt Program (2 years full-time),https://handbook.unimelb.edu.au/2024/components/mc-ema-entry-3/print
MC-EMA,200pt Program (1.5 years accelerated),https://handbook.unimelb.edu.au/2024/components/mc-ema-entry-4/print
MC-EMA,150pt Program (1.5 years full-time),https://handbook.unimelb.edu.au/2024/components/mc-ema-entry-2/print
MC-EMA,100pt Program (1 year full-time),https://handbook.unimelb.edu.au/2024/components/mc-ema-entry-1/print
MR-ARTSAST,Philosophy,https://handbook.unimelb.edu.au/2024/components/mr-artsast-spec-11/print
MC-CONTCS,200pt Program,https://handbook.unimelb.edu.au/2024/components/mc-contcs-entry-1/print
MC-CONTCS,150pt Program,https://handbook.unimelb.edu.au/2024/components/mc-contcs-entry-2/print
MC-CONTCS,100pt Program,https://handbook.unimelb.edu.au/2024/components/mc-contcs-entry-3/print
761EM,Change Management,https://handbook.unimelb.edu.au/2024/components/761em-spec-1/print
761EM,Project Management,https://handbook.unimelb.edu.au/2024/components/761em-spec-2/print
MC-DINFENG,Artificial Intelligence,https://handbook.unimelb.edu.au/2024/components/mc-dinfeng-spec-4/print
MC-DINFENG,Business,https://handbook.unimelb.edu.au/2024/components/mc-dinfeng-spec-9/print
MC-DINFENG,Communication Infrastructure,https://handbook.unimelb.edu.au/2024/components/mc-dinfeng-spec-6/print
MC-DINFENG,Construction,https://handbook.unimelb.edu.au/2024/components/mc-dinfeng-spec-2/print
MC-DINFENG,Energy,https://handbook.unimelb.edu.au/2024/components/mc-dinfeng-spec-13/print
MC-DINFENG,Industry,https://handbook.unimelb.edu.au/2024/components/mc-dinfeng-spec-12/print
MC-DINFENG,Information Systems,https://handbook.unimelb.edu.au/2024/components/mc-dinfeng-spec-10/print
MC-DINFENG,Information Technology,https://handbook.unimelb.edu.au/2024/components/mc-dinfeng-spec-7/print
MC-DINFENG,Land,https://handbook.unimelb.edu.au/2024/components/mc-dinfeng-spec-1/print
MC-DINFENG,Mobility,https://handbook.unimelb.edu.au/2024/components/mc-dinfeng-spec-3/print
MC-DINFENG,Smart Cities,https://handbook.unimelb.edu.au/2024/components/mc-dinfeng-spec-8/print
MC-DINFENG,Sustainable Cities,https://handbook.unimelb.edu.au/2024/components/mc-dinfeng-spec-5/print
MC-DINFENG,Water,https://handbook.unimelb.edu.au/2024/components/mc-dinfeng-spec-11/print
MC-DINFENG,Cultural Heritage,https://handbook.unimelb.edu.au/2024/components/mc-dinfeng-spec-14/print
GD-ARTS,Anthropology,https://handbook.unimelb.edu.au/2024/components/gd-arts-spec-1/print
GD-ARTS,Arabic Studies,https://handbook.unimelb.edu.au/2024/components/gd-arts-spec-2/print
GD-ARTS,Art History,https://handbook.unimelb.edu.au/2024/components/gd-arts-spec-3/print
GD-ARTS,Asian Studies,https://handbook.unimelb.edu.au/2024/components/gd-arts-spec-4/print
GD-ARTS,Chinese Studies,https://handbook.unimelb.edu.au/2024/components/gd-arts-spec-6/print
GD-ARTS,Classical Studies and Archaeology,https://handbook.unimelb.edu.au/2024/components/gd-arts-spec-7/print
GD-ARTS,Classics (Ancient Greek and Latin),https://handbook.unimelb.edu.au/2024/components/gd-arts-spec-8/print
GD-ARTS,Creative Writing,https://handbook.unimelb.edu.au/2024/components/gd-arts-spec-9/print
GD-ARTS,Criminology,https://handbook.unimelb.edu.au/2024/components/gd-arts-spec-10/print
GD-ARTS,Digital Studies,https://handbook.unimelb.edu.au/2024/components/gd-arts-spec-32/print
GD-ARTS,English and Theatre Studies,https://handbook.unimelb.edu.au/2024/components/gd-arts-spec-11/print
GD-ARTS,French Studies,https://handbook.unimelb.edu.au/2024/components/gd-arts-spec-12/print
GD-ARTS,Gender Studies,https://handbook.unimelb.edu.au/2024/components/gd-arts-spec-13/print
GD-ARTS,German Studies,https://handbook.unimelb.edu.au/2024/components/gd-arts-spec-14/print
GD-ARTS,Hebrew and Jewish Studies,https://handbook.unimelb.edu.au/2024/components/gd-arts-spec-15/print
GD-ARTS,History,https://handbook.unimelb.edu.au/2024/components/gd-arts-spec-16/print
GD-ARTS,History and Philosophy of Science,https://handbook.unimelb.edu.au/2024/components/gd-arts-spec-17/print
GD-ARTS,Indigenous Studies,https://handbook.unimelb.edu.au/2024/components/gd-arts-spec-5/print
GD-ARTS,Indonesian Studies,https://handbook.unimelb.edu.au/2024/components/gd-arts-spec-18/print
GD-ARTS,Islamic Studies,https://handbook.unimelb.edu.au/2024/components/gd-arts-spec-19/print
GD-ARTS,Italian Studies,https://handbook.unimelb.edu.au/2024/components/gd-arts-spec-20/print
GD-ARTS,Japanese Studies,https://handbook.unimelb.edu.au/2024/components/gd-arts-spec-21/print
GD-ARTS,Linguistics and Applied Linguistics,https://handbook.unimelb.edu.au/2024/components/gd-arts-spec-22/print
GD-ARTS,Media and Communications,https://handbook.unimelb.edu.au/2024/components/gd-arts-spec-23/print
GD-ARTS,Philosophy,https://handbook.unimelb.edu.au/2024/components/gd-arts-spec-24/print
GD-ARTS,Politics and International Studies,https://handbook.unimelb.edu.au/2024/components/gd-arts-spec-25/print
GD-ARTS,Russian Studies,https://handbook.unimelb.edu.au/2024/components/gd-arts-spec-26/print
GD-ARTS,Screen and Cultural Studies,https://handbook.unimelb.edu.au/2024/components/gd-arts-spec-27/print
GD-ARTS,Sociology,https://handbook.unimelb.edu.au/2024/components/gd-arts-spec-28/print
GD-ARTS,Spanish and Latin American Studies,https://handbook.unimelb.edu.au/2024/components/gd-arts-spec-29/print
ME-DCD,Endodontics,https://handbook.unimelb.edu.au/2024/components/me-dcd-spec-1/print
ME-DCD,Oral Medicine,https://handbook.unimelb.edu.au/2024/components/me-dcd-spec-2/print
ME-DCD,Orthodontics,https://handbook.unimelb.edu.au/2024/components/me-dcd-spec-3/print
ME-DCD,Paediatric Dentistry,https://handbook.unimelb.edu.au/2024/components/me-dcd-spec-4/print
ME-DCD,Periodontics,https://handbook.unimelb.edu.au/2024/components/me-dcd-spec-5/print
ME-DCD,Prosthodontics,https://handbook.unimelb.edu.au/2024/components/me-dcd-spec-6/print
ME-DCD,Special Needs Dentistry,https://handbook.unimelb.edu.au/2024/components/me-dcd-spec-7/print
MC-ED,Arts Education,https://handbook.unimelb.edu.au/2024/components/mc-ed-spec-1/print
MC-ED,Assessment and Pedagogy,https://handbook.unimelb.edu.au/2024/components/mc-ed-spec-2/print
MC-ED,"Equity, Diversity and Social Change",https://handbook.unimelb.edu.au/2024/components/mc-ed-spec-3/print
MC-ED,Policy in a Global Context,https://handbook.unimelb.edu.au/2024/components/mc-ed-spec-7/print
MC-ED,Leadership and Management,https://handbook.unimelb.edu.au/2024/components/mc-ed-spec-4/print
MC-ED,Literacy Education,https://handbook.unimelb.edu.au/2024/components/mc-ed-spec-5/print
MC-ED,Mathematics and Science Education,https://handbook.unimelb.edu.au/2024/components/mc-ed-spec-6/print
MC-ED,Student Wellbeing,https://handbook.unimelb.edu.au/2024/components/mc-ed-spec-9/print
GC-SC,Applied Mathematics,https://handbook.unimelb.edu.au/2024/components/gc-sc-infspc-11/print
GC-SC,Chemistry,https://handbook.unimelb.edu.au/2024/components/gc-sc-infspc-2/print
GC-SC,Discrete Mathematics / Operations Research,https://handbook.unimelb.edu.au/2024/components/gc-sc-infspc-12/print
GC-SC,Genetics,https://handbook.unimelb.edu.au/2024/components/gc-sc-infspc-5/print
GC-SC,Geology,https://handbook.unimelb.edu.au/2024/components/gc-sc-infspc-9/print
GC-SC,Human Geography,https://handbook.unimelb.edu.au/2024/components/gc-sc-infspc-7/print
GC-SC,Integrated Geography,https://handbook.unimelb.edu.au/2024/components/gc-sc-infspc-6/print
GC-SC,Medicinal Chemistry,https://handbook.unimelb.edu.au/2024/components/gc-sc-infspc-3/print
GC-SC,Plant Science,https://handbook.unimelb.edu.au/2024/components/gc-sc-infspc-1/print
GC-SC,Physical Geography,https://handbook.unimelb.edu.au/2024/components/gc-sc-infspc-8/print
GC-SC,Physics,https://handbook.unimelb.edu.au/2024/components/gc-sc-infspc-14/print
GC-SC,Pure Mathematics,https://handbook.unimelb.edu.au/2024/components/gc-sc-infspc-10/print
GC-SC,Statistics / Stochastic Processes,https://handbook.unimelb.edu.au/2024/components/gc-sc-infspc-13/print
GC-SC,Zoology,https://handbook.unimelb.edu.au/2024/components/gc-sc-infspc-15/print
MC-MECHENG,Aerospace,https://handbook.unimelb.edu.au/2024/components/mc-mecheng-spec-02/print
MC-MECHENG,Business,https://handbook.unimelb.edu.au/2024/components/mc-mecheng-spec-04/print
MC-MECHENG,Manufacturing,https://handbook.unimelb.edu.au/2024/components/mc-mecheng-spec-01/print
MC-MECHENG,Materials,https://handbook.unimelb.edu.au/2024/components/mc-mecheng-spec-03/print
274AB,200pt Program,https://handbook.unimelb.edu.au/2024/components/274ab-entry-3/print
274AB,150pt Program,https://handbook.unimelb.edu.au/2024/components/274ab-entry-2/print
274AB,100pt Program,https://handbook.unimelb.edu.au/2024/components/274ab-entry-1/print
MC-PUBCOM,200pt Program,https://handbook.unimelb.edu.au/2024/components/mc-pubcom-entry-3/print
MC-PUBCOM,150pt Program,https://handbook.unimelb.edu.au/2024/components/mc-pubcom-entry-2/print
MC-PUBCOM,100pt Program,https://handbook.unimelb.edu.au/2024/components/mc-pubcom-entry-1/print
MC-CHEMENG,Business,https://handbook.unimelb.edu.au/2024/components/mc-chemeng-spec-01/print
MC-CHEMENG,Materials and Minerals,https://handbook.unimelb.edu.au/2024/components/mc-chemeng-spec-02/print
MC-CHEMENG,Sustainability and Environment,https://handbook.unimelb.edu.au/2024/components/mc-chemeng-spec-03/print
MC-SOFTENG,Artificial Intelligence,https://handbook.unimelb.edu.au/2024/components/mc-softeng-spec-02/print
MC-SOFTENG,Business,https://handbook.unimelb.edu.au/2024/components/mc-softeng-spec-01/print
MC-SOFTENG,Cyber Security,https://handbook.unimelb.edu.au/2024/components/mc-softeng-spec-04/print
MC-SOFTENG,Distributed Computing,https://handbook.unimelb.edu.au/2024/components/mc-softeng-spec-03/print
MC-SOFTENG,Human Computer Interaction,https://handbook.unimelb.edu.au/2024/components/mc-softeng-spec-05/print
BH-DES,"Architectural History, Theory and Criticism",https://handbook.unimelb.edu.au/2024/components/bh-des-spec-01/print
BH-DES,Urban Planning,https://handbook.unimelb.edu.au/2024/components/bh-des-spec-02/print
BH-DES,Landscape Architecture,https://handbook.unimelb.edu.au/2024/components/bh-des-spec-03/print
MC-CM,200pt Program,https://handbook.unimelb.edu.au/2024/components/mc-cm-entry-1/print
MC-CM,300pt Program,https://handbook.unimelb.edu.au/2024/components/mc-cm-entry-2/print
244CW,"Climate, Environment and Health",https://handbook.unimelb.edu.au/2024/components/244cw-infspc-12/print
244CW,Epidemiology and Biostatistics,https://handbook.unimelb.edu.au/2024/components/244cw-infspc-1/print
244CW,Evaluation and Implementation Science,https://handbook.unimelb.edu.au/2024/components/244cw-infspc-11/print
244CW,Gerontology,https://handbook.unimelb.edu.au/2024/components/244cw-infspc-3/print
244CW,Global Health,https://handbook.unimelb.edu.au/2024/components/244cw-infspc-4/print
244CW,Health Economics and Economic Evaluation,https://handbook.unimelb.edu.au/2024/components/244cw-infspc-2/print
244CW,"Health Policy, Systems and Practice",https://handbook.unimelb.edu.au/2024/components/244cw-infspc-6/print
244CW,"Health, Gender and Society",https://handbook.unimelb.edu.au/2024/components/244cw-infspc-9/print
244CW,Indigenous Health,https://handbook.unimelb.edu.au/2024/components/244cw-infspc-8/print
244CW,Infectious Disease Epidemiology,https://handbook.unimelb.edu.au/2024/components/244cw-infspc-7/print
244CW,Sexual Health,https://handbook.unimelb.edu.au/2024/components/244cw-infspc-5/print
244CW,Doctor of Medicine,https://handbook.unimelb.edu.au/2024/components/244cw-infspc-10/print
GD-MUS,Tailored Program,https://handbook.unimelb.edu.au/2024/components/gd-mus-infspc-6/print
GD-MUS,Practical Music,https://handbook.unimelb.edu.au/2024/components/gd-mus-infspc-1/print
GD-MUS,Musicology,https://handbook.unimelb.edu.au/2024/components/gd-mus-infspc-2/print
GD-MUS,Ethnomusicology,https://handbook.unimelb.edu.au/2024/components/gd-mus-infspc-3/print
GD-MUS,Composition,https://handbook.unimelb.edu.au/2024/components/gd-mus-infspc-4/print
GD-MUS,Graduate Diploma in Music Electives,https://handbook.unimelb.edu.au/2024/components/gd-mus-infspc-5/print
MC-DESPROD,Graphic Design,https://handbook.unimelb.edu.au/2024/components/mc-desprod-spec-3/print
MC-DESPROD,Production Design for Screen,https://handbook.unimelb.edu.au/2024/components/mc-desprod-spec-2/print
MC-DESPROD,Stage Design,https://handbook.unimelb.edu.au/2024/components/mc-desprod-spec-1/print
MC-MLED,200pt Program,https://handbook.unimelb.edu.au/2024/components/mc-mled-entry-1/print
MC-MLED,100pt Program,https://handbook.unimelb.edu.au/2024/components/mc-mled-entry-2/print
MC-MGMTHRE,150pt Program,https://handbook.unimelb.edu.au/2024/components/mc-mgmthre-entry-1/print
MC-MGMTHRE,200pt Program,https://handbook.unimelb.edu.au/2024/components/mc-mgmthre-entry-2/print
BH-BMED,"Anatomy and Physiology, and Neuroscience",https://handbook.unimelb.edu.au/2024/components/bh-bmed-infspc-13/print
BH-BMED,Biochemistry and Pharmacology,https://handbook.unimelb.edu.au/2024/components/bh-bmed-infspc-2/print
BH-BMED,Clinical Pathology,https://handbook.unimelb.edu.au/2024/components/bh-bmed-infspc-18/print
BH-BMED,Critical Care,https://handbook.unimelb.edu.au/2024/components/bh-bmed-infspc-24/print
BH-BMED,Medical Biology,https://handbook.unimelb.edu.au/2024/components/bh-bmed-infspc-4/print
BH-BMED,Medicine (Austin Health),https://handbook.unimelb.edu.au/2024/components/bh-bmed-infspc-5/print
BH-BMED,Medicine (Royal Melbourne Hospital),https://handbook.unimelb.edu.au/2024/components/bh-bmed-infspc-6/print
BH-BMED,Medicine (St Vincent's Hospital),https://handbook.unimelb.edu.au/2024/components/bh-bmed-infspc-7/print
BH-BMED,Medicine (Western Health),https://handbook.unimelb.edu.au/2024/components/bh-bmed-infspc-22/print
BH-BMED,Microbiology and Immunology,https://handbook.unimelb.edu.au/2024/components/bh-bmed-infspc-8/print
BH-BMED,Oral Health Science,https://handbook.unimelb.edu.au/2024/components/bh-bmed-infspc-9/print
BH-BMED,Hearing Sciences (Otolaryngology),https://handbook.unimelb.edu.au/2024/components/bh-bmed-infspc-3/print
BH-BMED,Paediatrics,https://handbook.unimelb.edu.au/2024/components/bh-bmed-infspc-10/print
BH-BMED,Pathology,https://handbook.unimelb.edu.au/2024/components/bh-bmed-infspc-11/print
BH-BMED,Population and Global Health,https://handbook.unimelb.edu.au/2024/components/bh-bmed-infspc-17/print
BH-BMED,General Practice and Primary Care,https://handbook.unimelb.edu.au/2024/components/bh-bmed-infspc-14/print
BH-BMED,Psychology,https://handbook.unimelb.edu.au/2024/components/bh-bmed-infspc-21/print
BH-BMED,Vision Sciences,https://handbook.unimelb.edu.au/2024/components/bh-bmed-infspc-20/print
BH-BMED,Physiotherapy Science,https://handbook.unimelb.edu.au/2024/components/bh-bmed-infspc-25/print
BH-BMED,BioSciences,https://handbook.unimelb.edu.au/2024/components/bh-bmed-infspc-16/print
BH-BMED,Human Nutrition,https://handbook.unimelb.edu.au/2024/components/bh-bmed-infspc-23/print
BH-BMED,Veterinary Bioscience,https://handbook.unimelb.edu.au/2024/components/bh-bmed-infspc-19/print
MC-MLED,200pt Program,https://handbook.unimelb.edu.au/2024/components/mc-mled-entry-1/print
MC-MLED,100pt Program,https://handbook.unimelb.edu.au/2024/components/mc-mled-entry-2/print
MC-IR,200pt Program,https://handbook.unimelb.edu.au/2024/components/mc-ir-entry-2/print
MC-IR,150pt Program,https://handbook.unimelb.edu.au/2024/components/mc-ir-entry-3/print
MC-IR,100pt Program,https://handbook.unimelb.edu.au/2024/components/mc-ir-entry-1/print
MC-MGMTFIN,150pt Program,https://handbook.unimelb.edu.au/2024/components/mc-mgmtfin-entry-1/print
MC-MGMTFIN,200pt Program,https://handbook.unimelb.edu.au/2024/components/mc-mgmtfin-entry-2/print
GCA-SCI,BioSciences,https://handbook.unimelb.edu.au/2024/components/gca-sci-spec-1/print
GCA-SCI,Chemistry,https://handbook.unimelb.edu.au/2024/components/gca-sci-spec-2/print
GCA-SCI,Computer Science,https://handbook.unimelb.edu.au/2024/components/gca-sci-spec-3/print
GCA-SCI,Earth Sciences,https://handbook.unimelb.edu.au/2024/components/gca-sci-spec-4/print
GCA-SCI,Mathematics and Statistics,https://handbook.unimelb.edu.au/2024/components/gca-sci-spec-5/print
GCA-SCI,Physics,https://handbook.unimelb.edu.au/2024/components/gca-sci-spec-6/print
MC-APPANA,Education Analytics,https://handbook.unimelb.edu.au/2024/components/mc-appana-spec-1/print
MC-APPANA,Health Analytics,https://handbook.unimelb.edu.au/2024/components/mc-appana-spec-2/print
MC-APPANA,Psychology Analytics,https://handbook.unimelb.edu.au/2024/components/mc-appana-spec-3/print
MC-APPANA,Urban Analytics,https://handbook.unimelb.edu.au/2024/components/mc-appana-spec-4/print
MC-CLIND,Prosthodontics,https://handbook.unimelb.edu.au/2024/components/mc-clind-spec-1/print
MC-PRODDES,Stage,https://handbook.unimelb.edu.au/2024/components/mc-proddes-spec-1/print
MC-PRODDES,Screen,https://handbook.unimelb.edu.au/2024/components/mc-proddes-spec-2/print
MC-ENG,Biochemical,https://handbook.unimelb.edu.au/2024/components/mc-eng-spec-1/print
MC-ENG,Biomedical,https://handbook.unimelb.edu.au/2024/components/mc-eng-spec-2/print
MC-ENG,Biomedical with Business,https://handbook.unimelb.edu.au/2024/components/mc-eng-spec-3/print
MC-ENG,Chemical,https://handbook.unimelb.edu.au/2024/components/mc-eng-spec-4/print
MC-ENG,Chemical with Business,https://handbook.unimelb.edu.au/2024/components/mc-eng-spec-5/print
MC-ENG,Civil,https://handbook.unimelb.edu.au/2024/components/mc-eng-spec-6/print
MC-ENG,Civil with Business,https://handbook.unimelb.edu.au/2024/components/mc-eng-spec-7/print
MC-ENG,Electrical,https://handbook.unimelb.edu.au/2024/components/mc-eng-spec-8/print
MC-ENG,Electrical with Business,https://handbook.unimelb.edu.au/2024/components/mc-eng-spec-9/print
MC-ENG,Environmental,https://handbook.unimelb.edu.au/2024/components/mc-eng-spec-10/print
MC-ENG,Materials,https://handbook.unimelb.edu.au/2024/components/mc-eng-spec-18/print
MC-ENG,Mechanical,https://handbook.unimelb.edu.au/2024/components/mc-eng-spec-11/print
MC-ENG,Mechanical with Business,https://handbook.unimelb.edu.au/2024/components/mc-eng-spec-12/print
MC-ENG,Mechanical with Aerospace,https://handbook.unimelb.edu.au/2024/components/mc-eng-spec-19/print
MC-ENG,Mechatronics,https://handbook.unimelb.edu.au/2024/components/mc-eng-spec-13/print
MC-ENG,Software,https://handbook.unimelb.edu.au/2024/components/mc-eng-spec-14/print
MC-ENG,Software with Business,https://handbook.unimelb.edu.au/2024/components/mc-eng-spec-15/print
MC-ENG,Spatial,https://handbook.unimelb.edu.au/2024/components/mc-eng-spec-16/print
MC-ENG,Structural,https://handbook.unimelb.edu.au/2024/components/mc-eng-spec-17/print
MC-SPATENG,Business,https://handbook.unimelb.edu.au/2024/components/mc-spateng-spec-03/print
MC-SPATENG,Computational Systems,https://handbook.unimelb.edu.au/2024/components/mc-spateng-spec-02/print
MC-SPATENG,Environmental Systems,https://handbook.unimelb.edu.au/2024/components/mc-spateng-spec-04/print
MC-SPATENG,Land Systems,https://handbook.unimelb.edu.au/2024/components/mc-spateng-spec-01/print
441ME,Development,https://handbook.unimelb.edu.au/2024/components/441me-major-2/print
441ME,Conservation and Restoration,https://handbook.unimelb.edu.au/2024/components/441me-major-3/print
441ME,Integrated Water Catchment Management,https://handbook.unimelb.edu.au/2024/components/441me-major-4/print
441ME,Energy Studies,https://handbook.unimelb.edu.au/2024/components/441me-major-5/print
441ME,Waste Management,https://handbook.unimelb.edu.au/2024/components/441me-major-6/print
441ME,Environment and Public Health,https://handbook.unimelb.edu.au/2024/components/441me-major-7/print
441ME,Education and Social Change,https://handbook.unimelb.edu.au/2024/components/441me-major-8/print
441ME,"Governance, Policy and Markets",https://handbook.unimelb.edu.au/2024/components/441me-major-9/print
441ME,"Sustainable Cities, Sustainable Regions",https://handbook.unimelb.edu.au/2024/components/441me-major-10/print
441ME,Sustainable Forests,https://handbook.unimelb.edu.au/2024/components/441me-major-11/print
441ME,Energy Efficiency Modelling and Implementation,https://handbook.unimelb.edu.au/2024/components/441me-major-12/print
441ME,Climate Change,https://handbook.unimelb.edu.au/2024/components/441me-major-13/print
441ME,Environmental Science,https://handbook.unimelb.edu.au/2024/components/441me-major-1/print
441ME,Tailored Specialisation,https://handbook.unimelb.edu.au/2024/components/441me-major-14/print
